;filename;label
1;image (1).jpg;Lance_Armstrong
2;image (2).jpg;Lance_Armstrong
3;image (3).jpg;Lance_Armstrong
4;image (4).jpg;Lance_Armstrong
5;image (5).jpg;Lance_Armstrong
6;image (6).jpg;Lance_Armstrong
7;image (7).jpg;Lance_Armstrong
8;image (8).jpg;Lance_Armstrong
9;image (9).jpg;Lance_Armstrong
10;image (10).jpg;Lance_Armstrong
11;image (11).jpg;Lance_Armstrong
12;image (12).jpg;Lance_Armstrong
13;image (13).jpg;Lance_Armstrong
14;image (14).jpg;Lance_Armstrong
15;image (15).jpg;Lance_Armstrong
16;image (16).jpg;Lance_Armstrong
17;image (17).jpg;Lance_Armstrong
18;image (18).jpg;Lance_Armstrong
19;image (19).jpg;Lance_Armstrong
20;image (20).jpg;Lance_Armstrong
21;image (21).jpg;Lance_Armstrong
22;image (22).jpg;Lance_Armstrong
23;image (23).jpg;Lance_Armstrong
24;image (24).jpg;Lance_Armstrong
25;image (25).jpg;Lance_Armstrong
26;image (26).jpg;Lance_Armstrong
27;image (27).jpg;Lance_Armstrong
28;image (28).jpg;Lance_Armstrong
29;image (29).jpg;Lance_Armstrong
30;image (30).jpg;Lance_Armstrong
31;image (31).jpg;Lance_Armstrong
32;image (32).jpg;Lance_Armstrong
33;image (33).jpg;Lance_Armstrong
34;image (34).jpg;Lance_Armstrong
35;image (35).jpg;Lance_Armstrong
36;image (36).jpg;Lance_Armstrong
37;image (37).jpg;Lance_Armstrong
38;image (38).jpg;Lance_Armstrong
39;image (39).jpg;Lance_Armstrong
40;image (40).jpg;Lance_Armstrong
41;image (41).jpg;Lance_Armstrong
42;image (42).jpg;Lance_Armstrong
43;image (43).jpg;Lance_Armstrong
44;image (44).jpg;Lance_Armstrong
45;image (45).jpg;Lance_Armstrong
46;image (46).jpg;Lance_Armstrong
47;image (47).jpg;Lance_Armstrong
48;image (48).jpg;Lance_Armstrong
49;image (49).jpg;Lance_Armstrong
50;image (50).jpg;Lance_Armstrong
51;image (51).jpg;Lance_Armstrong
52;image (52).jpg;Lance_Armstrong
53;image (53).jpg;Lance_Armstrong
54;image (54).jpg;Lance_Armstrong
55;image (55).jpg;Adrien_Brody
56;image (56).jpg;Adrien_Brody
57;image (57).jpg;Adrien_Brody
58;image (58).jpg;Adrien_Brody
59;image (59).jpg;Adrien_Brody
60;image (60).jpg;Adrien_Brody
61;image (61).jpg;Adrien_Brody
62;image (62).jpg;Adrien_Brody
63;image (63).jpg;Adrien_Brody
64;image (64).jpg;Adrien_Brody
65;image (65).jpg;Adrien_Brody
66;image (66).jpg;Adrien_Brody
67;image (67).jpg;Adrien_Brody
68;image (68).jpg;Adrien_Brody
69;image (69).jpg;Adrien_Brody
70;image (70).jpg;Adrien_Brody
71;image (71).jpg;Adrien_Brody
72;image (72).jpg;Adrien_Brody
73;image (73).jpg;Adrien_Brody
74;image (74).jpg;Adrien_Brody
75;image (75).jpg;Adrien_Brody
76;image (76).jpg;Adrien_Brody
77;image (77).jpg;Adrien_Brody
78;image (78).jpg;Adrien_Brody
79;image (79).jpg;Adrien_Brody
80;image (80).jpg;Adrien_Brody
81;image (81).jpg;Adrien_Brody
82;image (82).jpg;Adrien_Brody
83;image (83).jpg;Adrien_Brody
84;image (84).jpg;Adrien_Brody
85;image (85).jpg;Adrien_Brody
86;image (86).jpg;Adrien_Brody
87;image (87).jpg;Adrien_Brody
88;image (88).jpg;Adrien_Brody
89;image (89).jpg;Adrien_Brody
90;image (90).jpg;Adrien_Brody
91;image (91).jpg;Abdullah_Gul
92;image (92).jpg;Abdullah_Gul
93;image (93).jpg;Abdullah_Gul
94;image (94).jpg;Abdullah_Gul
95;image (95).jpg;Abdullah_Gul
96;image (96).jpg;Abdullah_Gul
97;image (97).jpg;Abdullah_Gul
98;image (98).jpg;Abdullah_Gul
99;image (99).jpg;Abdullah_Gul
100;image (100).jpg;Abdullah_Gul
101;image (101).jpg;Abdullah_Gul
102;image (102).jpg;Abdullah_Gul
103;image (103).jpg;Abdullah_Gul
104;image (104).jpg;Abdullah_Gul
105;image (105).jpg;Abdullah_Gul
106;image (106).jpg;Abdullah_Gul
107;image (107).jpg;Abdullah_Gul
108;image (108).jpg;Abdullah_Gul
109;image (109).jpg;Abdullah_Gul
110;image (110).jpg;Abdullah_Gul
111;image (111).jpg;Abdullah_Gul
112;image (112).jpg;Abdullah_Gul
113;image (113).jpg;Abdullah_Gul
114;image (114).jpg;Abdullah_Gul
115;image (115).jpg;Abdullah_Gul
116;image (116).jpg;Abdullah_Gul
117;image (117).jpg;Abdullah_Gul
118;image (118).jpg;Abdullah_Gul
119;image (119).jpg;Abdullah_Gul
120;image (120).jpg;Abdullah_Gul
121;image (121).jpg;Abdullah_Gul
122;image (122).jpg;Abdullah_Gul
123;image (123).jpg;Abdullah_Gul
124;image (124).jpg;Abdullah_Gul
125;image (125).jpg;Abdullah_Gul
126;image (126).jpg;Abdullah_Gul
127;image (127).jpg;Abdullah_Gul
128;image (128).jpg;Abdullah_Gul
129;image (129).jpg;Abdullah_Gul
130;image (130).jpg;Abdullah_Gul
131;image (131).jpg;Abdullah_Gul
132;image (132).jpg;Abdullah_Gul
133;image (133).jpg;Abdullah_Gul
134;image (134).jpg;Abdullah_Gul
135;image (135).jpg;Abdullah_Gul
136;image (136).jpg;Abdullah_Gul
137;image (137).jpg;Abdullah_Gul
138;image (138).jpg;Abdullah_Gul
139;image (139).jpg;Abdullah_Gul
140;image (140).jpg;Abdullah_Gul
141;image (141).jpg;Abdullah_Gul
142;image (142).jpg;Abdullah_Gul
143;image (143).jpg;Abdullah_Gul
144;image (144).jpg;Abdullah_Gul
145;image (145).jpg;Abdullah_Gul
146;image (146).jpg;Abdullah_Gul
147;image (147).jpg;Abdullah_Gul
148;image (148).jpg;Carlos_Menem
149;image (149).jpg;Carlos_Menem
150;image (150).jpg;Carlos_Menem
151;image (151).jpg;Carlos_Menem
152;image (152).jpg;Carlos_Menem
153;image (153).jpg;Carlos_Menem
154;image (154).jpg;Carlos_Menem
155;image (155).jpg;Carlos_Menem
156;image (156).jpg;Carlos_Menem
157;image (157).jpg;Carlos_Menem
158;image (158).jpg;Carlos_Menem
159;image (159).jpg;Carlos_Menem
160;image (160).jpg;Carlos_Menem
161;image (161).jpg;Carlos_Menem
162;image (162).jpg;Carlos_Menem
163;image (163).jpg;Carlos_Menem
164;image (164).jpg;Carlos_Menem
165;image (165).jpg;Carlos_Menem
166;image (166).jpg;Carlos_Menem
167;image (167).jpg;Carlos_Menem
168;image (168).jpg;Carlos_Menem
169;image (169).jpg;Carlos_Menem
170;image (170).jpg;Carlos_Menem
171;image (171).jpg;Carlos_Menem
172;image (172).jpg;Carlos_Menem
173;image (173).jpg;Carlos_Menem
174;image (174).jpg;Carlos_Menem
175;image (175).jpg;Carlos_Menem
176;image (176).jpg;Carlos_Menem
177;image (177).jpg;Carlos_Menem
178;image (178).jpg;Carlos_Menem
179;image (179).jpg;Carlos_Menem
180;image (180).jpg;Carlos_Menem
181;image (181).jpg;Carlos_Menem
182;image (182).jpg;Carlos_Menem
183;image (183).jpg;Carlos_Menem
184;image (184).jpg;Carlos_Menem
185;image (185).jpg;Carlos_Menem
186;image (186).jpg;Carlos_Menem
187;image (187).jpg;Carlos_Menem
188;image (188).jpg;Carlos_Menem
189;image (189).jpg;Carlos_Menem
190;image (190).jpg;Carlos_Menem
191;image (191).jpg;Carlos_Menem
192;image (192).jpg;Carlos_Menem
193;image (193).jpg;Carlos_Menem
194;image (194).jpg;Carlos_Menem
195;image (195).jpg;Carlos_Menem
196;image (196).jpg;Carlos_Menem
197;image (197).jpg;Carlos_Menem
198;image (198).jpg;Carlos_Menem
199;image (199).jpg;Carlos_Menem
200;image (200).jpg;Carlos_Menem
201;image (201).jpg;Carlos_Menem
202;image (202).jpg;Carlos_Menem
203;image (203).jpg;Carlos_Menem
204;image (204).jpg;Carlos_Menem
205;image (205).jpg;Carlos_Menem
206;image (206).jpg;Carlos_Menem
207;image (207).jpg;Carlos_Menem
208;image (208).jpg;Carlos_Menem
209;image (209).jpg;Carlos_Menem
210;image (210).jpg;Carlos_Menem
211;image (211).jpg;John_Snow
212;image (212).jpg;John_Snow
213;image (213).jpg;John_Snow
214;image (214).jpg;John_Snow
215;image (215).jpg;John_Snow
216;image (216).jpg;John_Snow
217;image (217).jpg;John_Snow
218;image (218).jpg;John_Snow
219;image (219).jpg;John_Snow
220;image (220).jpg;John_Snow
221;image (221).jpg;John_Snow
222;image (222).jpg;John_Snow
223;image (223).jpg;John_Snow
224;image (224).jpg;John_Snow
225;image (225).jpg;John_Snow
226;image (226).jpg;John_Snow
227;image (227).jpg;John_Snow
228;image (228).jpg;John_Snow
229;image (229).jpg;John_Snow
230;image (230).jpg;John_Snow
231;image (231).jpg;John_Snow
232;image (232).jpg;John_Snow
233;image (233).jpg;John_Snow
234;image (234).jpg;John_Snow
235;image (235).jpg;John_Snow
236;image (236).jpg;John_Snow
237;image (237).jpg;John_Snow
238;image (238).jpg;John_Snow
239;image (239).jpg;John_Snow
240;image (240).jpg;John_Snow
241;image (241).jpg;John_Snow
242;image (242).jpg;John_Snow
243;image (243).jpg;John_Snow
244;image (244).jpg;John_Snow
245;image (245).jpg;John_Snow
246;image (246).jpg;John_Snow
247;image (247).jpg;John_Snow
248;image (248).jpg;John_Snow
249;image (249).jpg;John_Snow
250;image (250).jpg;John_Snow
251;image (251).jpg;John_Snow
252;image (252).jpg;John_Snow
253;image (253).jpg;John_Snow
254;image (254).jpg;John_Snow
255;image (255).jpg;John_Snow
256;image (256).jpg;John_Snow
257;image (257).jpg;John_Snow
258;image (258).jpg;John_Snow
259;image (259).jpg;John_Snow
260;image (260).jpg;John_Snow
261;image (261).jpg;John_Snow
